{
  "project_info": {
    "project_number": "526553893575",
    "firebase_url": "https://goodsexchangeproject.firebaseio.com",
    "project_id": "goodsexchangeproject",
    "storage_bucket": "goodsexchangeproject.appspot.com"
  },
  "client": [
    {
      "client_info": {
        "mobilesdk_app_id": "1:526553893575:android:46aedeac095e3507",
        "android_client_info": {
          "package_name": "com.zeeshanrajafyp.goodexchangeapp"
        }
      },
      "oauth_client": [
        {
          "client_id": "526553893575-clsepc26atbi5b2vg555lgc3j6lh6orm.apps.googleusercontent.com",
          "client_type": 1,
          "android_info": {
            "package_name": "com.zeeshanrajafyp.goodexchangeapp",
            "certificate_hash": "5947d4a78e5385bb1b894ee95a41359b2e3564c7"
          }
        },
        {
          "client_id": "526553893575-omf77uipacl28l9a7qjj0cbdcd0rg52i.apps.googleusercontent.com",
          "client_type": 3
        }
      ],
      "api_key": [
        {
          "current_key": "AIzaSyBoXg3uVrcYXgqSKNTXQcrwIY1O7K3x-r8"
        }
      ],
      "services": {
        "analytics_service": {
          "status": 1
        },
        "appinvite_service": {
          "status": 2,
          "other_platform_oauth_client": [
            {
              "client_id": "526553893575-omf77uipacl28l9a7qjj0cbdcd0rg52i.apps.googleusercontent.com",
              "client_type": 3
            }
          ]
        },
        "ads_service": {
          "status": 2
        }
      }
    }
  ],
  "configuration_version": "1"
}